code,port,BRK,BT,MMJ,PL,KDR,AMB,OB,LBR,SRG,CB
BRK,Biringkassi,0.00,734.23,161.86,286.63,410.76,617.07,870.69,316.83,892.23,343.14
BT,Bitung,734.23,0.00,569.96,472.37,377.64,376.03,157.38,991.66,448.76,998.66
MMJ,Mamuju,161.86,569.96,0.00,136.74,509.59,788.58,730.41,433.26,1011.10,440.94
PL,Palu,286.63,472.37,136.74,0.00,711.42,842.66,596.71,553.01,903.44,563.18
KDR,Kendari,410.76,377.64,509.59,711.42,0.00,336.78,442.99,636.35,572.67,721.66
AMB,Ambon,617.07,376.03,788.58,842.66,336.78,0.00,305.75,832.99,469.31,871.49
OB,Oba,870.69,157.38,730.41,596.71,442.99,305.75,0.00,1051.49,432.84,1129.47
LBR,Lembar,316.83,991.66,433.26,553.01,636.35,832.99,1051.49,0.00,1126.83,91.23
SRG,Sorong,892.23,448.76,1011.10,903.44,572.67,469.31,432.84,1126.83,0.00,1174.56
CB,Celukan Bawang,343.14,998.66,440.94,563.18,721.66,871.49,1129.47,91.23,1174.56,0.00
