Period,Day,Stage2_Bitung,PostStage3_Bitung,PostStage3_shortage_Bitung,Stage2_Mamuju,PostStage3_Mamuju,PostStage3_shortage_Mamuju,Stage2_Palu,PostStage3_Palu,PostStage3_shortage_Palu,Stage2_Kendari,PostStage3_Kendari,PostStage3_shortage_Kendari,Stage2_Ambon,PostStage3_Ambon,PostStage3_shortage_Ambon,Stage2_Oba,PostStage3_Oba,PostStage3_shortage_Oba,Stage2_Celukan Bawang,PostStage3_Celukan Bawang,PostStage3_shortage_Celukan Bawang,Stage2_Lembar,PostStage3_Lembar,PostStage3_shortage_Lembar,Stage2_Sorong,PostStage3_Sorong,PostStage3_shortage_Sorong
0,0.0,1517.4,1517.4136986301369,0.0,350.6,350.6,0.0,0.0,0.0,1552.5,1204.6,1204.6136986301372,0.0,1933.1,1933.123287671233,0.0,281.5,281.54794520547944,0.0,293.1,293.1,0.0,264.5,264.53698630136984,0.0,1923.0,1923.008219178082,0.0
1,2.0,1134.8,1134.8273972602738,0.0,301.1,301.16986301369866,0.0,4147.5,4147.5,0.0,409.2,409.2273972602742,0.0,1866.2,1866.2465753424658,0.0,0.0,0.0,161.85205479452054,0.0,2629.3287671232883,0.0,0.0,1397.8904109589048,0.0,1646.0,1646.0164383561641,0.0
2,4.0,752.2,752.2410958904107,0.0,251.7,251.76986301369863,0.0,2295.0,2295.0,0.0,6613.8,6613.827397260275,0.0,1799.4,1799.4465753424658,0.0,0.0,3991.068493150684,0.0,0.0,1922.4287671232883,0.0,0.0,1062.4273972602746,0.0,1369.0,1369.0246575342462,0.0
3,6.0,369.7,369.74109589041075,0.0,202.3,202.36986301369865,0.0,442.5,442.4999999999998,0.0,5818.5,5818.5273972602745,0.0,1732.5,1732.5698630136988,0.0,0.0,3547.6164383561636,0.0,2827.7,4750.1287671232885,0.0,0.0,726.9643835616444,0.0,1092.0,1092.0328767123283,0.0
4,8.0,0.0,3987.154794520548,0.0,296.6,296.66986301369866,0.0,5446.2,5446.2,0.0,5023.1,5023.141095890412,0.0,1665.6,1665.6931506849317,0.0,0.0,3104.1643835616433,0.0,2120.8,4043.228767123289,0.0,0.0,391.5013698630142,0.0,815.0,815.0410958904105,0.0
5,10.0,0.0,3604.568493150685,0.0,247.2,247.26986301369863,0.0,3593.7,3593.7,0.0,4227.7,4227.754794520549,0.0,1598.7,1598.8164383561646,0.0,0.0,2660.712328767123,0.0,1413.9,3336.328767123289,0.0,2129.9,2521.401369863014,0.0,538.0,538.0493150684927,0.0
6,12.0,0.0,3221.9821917808217,0.0,197.7,197.83972602739726,0.0,7741.2,7741.200000000001,0.0,3432.3,3432.368493150686,0.0,1531.9,1532.0164383561646,0.0,0.0,2217.2602739726026,0.0,706.9,2629.4027397260284,0.0,1794.4,2185.938356164384,0.0,261.1,4761.149315068493,0.0
7,14.0,0.0,2839.3958904109586,0.0,148.3,148.43972602739728,0.0,5888.7,5888.700000000001,0.0,2636.9,2636.982191780823,0.0,1465.0,1465.1397260273975,0.0,0.0,1773.808219178082,0.0,0.0,1922.5027397260283,0.0,1459.0,1850.538356164384,0.0,0.0,4484.157534246575,0.0
8,16.0,0.0,2456.8095890410955,0.0,98.9,99.03972602739728,0.0,4036.2,4036.2000000000007,0.0,8841.5,8841.582191780823,0.0,1398.1,1398.2630136986304,0.0,0.0,1330.3561643835615,0.0,3732.9,5655.402739726028,0.0,1123.5,1515.0753424657537,0.0,0.0,4207.165753424657,0.0
9,18.0,0.0,2074.2232876712324,0.0,49.4,49.60958904109591,0.0,2183.7,2183.7000000000007,0.0,8046.1,8046.19589041096,0.0,1331.2,1331.3863013698633,0.0,0.0,886.9041095890409,0.0,3026.0,4948.502739726027,0.0,788.1,1179.6753424657536,0.0,0.0,3930.173972602739,0.0
10,20.0,0.0,1691.6369863013692,0.0,0.0,0.20958904109591003,0.0,331.2,331.20000000000095,0.0,7250.8,7250.8958904109595,0.0,1264.4,1264.5863013698633,0.0,0.0,443.45205479452034,0.0,2319.0,4241.576712328767,0.0,2012.8,2404.3753424657534,0.0,0.0,3653.182191780821,0.0
11,22.0,2678.1,4369.736986301369,0.0,296.6,296.80958904109593,0.0,4132.7,4132.700000000001,0.0,6455.4,6455.509589041097,0.0,1197.5,1197.7095890410963,0.0,0.0,0.0,0.0,1612.1,3534.6767123287664,0.0,1677.3,2068.912328767123,0.0,0.0,3376.190410958903,0.0
12,24.0,2295.5,3987.150684931506,0.0,247.1,247.37945205479457,0.0,2280.1,2280.190410958905,0.0,5660.0,5660.123287671234,0.0,1130.6,1130.8328767123292,0.0,3495.9,3495.9000000000005,0.0,905.2,2827.7767123287663,0.0,1341.9,1733.512328767123,0.0,0.0,3099.1986301369852,0.0
13,26.0,1912.9,3604.564383561643,0.0,197.7,197.97945205479456,0.0,6427.6,6427.690410958905,0.0,4864.6,4864.736986301371,0.0,1063.7,1063.956164383562,0.0,3052.4,3052.44794520548,0.0,198.3,2120.876712328766,0.0,1006.4,1398.049315068493,0.0,0.0,2822.2068493150673,0.0
14,28.0,1530.3,3221.97808219178,0.0,148.3,148.5794520547946,0.0,4575.1,4575.190410958905,0.0,4069.2,4069.350684931508,0.0,996.8,4414.093150684931,0.0,2609.0,2609.0479452054806,0.0,0.0,1413.9506849315057,0.0,670.9,1062.5863013698627,0.0,0.0,2545.2150684931494,0.0
15,30.0,1147.8,2839.47808219178,0.0,98.9,99.17945205479458,0.0,2722.6,2722.690410958905,0.0,3273.8,3273.9643835616453,0.0,930.0,4347.293150684931,0.0,2165.5,2165.5958904109602,0.0,1413.9,2827.850684931506,0.0,335.5,727.1863013698626,0.0,0.0,2268.2232876712314,0.0
16,32.0,765.2,2456.8917808219167,0.0,49.4,49.74931506849321,0.0,870.1,1872.0917808219176,0.0,9478.4,9478.564383561645,0.0,863.1,4280.416438356164,0.0,1722.0,1722.1438356164397,0.0,706.9,2120.9246575342454,0.0,0.0,391.7232876712324,0.0,0.0,1991.2315068493135,0.0
17,34.0,382.6,2074.3054794520535,0.0,0.0,0.3493150684932118,0.0,0.0,19.59178082191761,0.0,8683.0,8683.178082191782,0.0,796.2,4213.539726027397,0.0,1278.6,1278.7438356164396,0.0,0.0,1414.0246575342453,0.0,3543.8,3935.523287671233,0.0,0.0,1714.2397260273956,0.0
18,36.0,0.0,1691.7191780821904,0.0,98.9,99.24931506849322,0.0,4999.2,5018.791780821917,0.0,7887.7,7887.878082191783,0.0,729.3,4146.66301369863,0.0,835.1,835.291780821919,0.0,4241.6,5655.624657534246,0.0,3208.3,3600.0602739726028,0.0,0.0,1437.2479452054777,0.0
19,38.0,0.0,1309.1328767123273,0.0,49.4,49.81917808219185,0.0,3146.7,3166.291780821917,0.0,7092.3,7092.49178082192,0.0,662.5,4079.8630136986294,0.0,391.7,3442.876712328766,0.0,3534.6,4948.698630136985,0.0,2872.8,3264.5972602739726,0.0,0.0,1160.2561643835597,0.0
20,40.0,0.0,926.5465753424643,0.0,0.0,0.4191780821918485,0.0,1294.2,1313.7917808219174,0.0,6296.9,6297.105479452057,0.0,595.6,4012.9863013698623,0.0,0.0,2999.424657534246,0.0,2827.7,4241.798630136985,0.0,3588.9,3980.697260273972,0.0,0.0,883.2643835616419,0.0
21,42.0,0.0,543.9602739726013,0.0,49.4,49.81917808219185,0.0,5342.8,5362.391780821918,0.0,5501.5,5501.719178082194,0.0,528.7,3946.109589041095,0.0,0.0,2555.9726027397255,0.0,2120.8,3534.898630136985,0.0,3253.4,3645.234246575342,0.0,0.0,606.2726027397241,0.0
22,44.0,2678.1,3222.0602739726014,0.0,0.0,0.4191780821918485,0.0,3490.3,3509.8917808219176,0.0,4706.1,4706.332876712331,0.0,461.8,3879.232876712328,0.0,0.0,2112.520547945205,0.0,1413.9,2827.998630136985,0.0,2918.0,3309.8342465753417,0.0,0.0,329.2808219178063,0.0
23,46.0,2295.5,2839.4739726027383,0.0,197.7,198.11917808219184,0.0,7390.6,7410.191780821919,0.0,3910.7,3910.9465753424683,0.0,395.0,3812.432876712328,0.0,3495.9,5608.420547945206,0.0,706.9,2121.0726027397245,0.0,2582.5,2974.3712328767115,0.0,0.0,4552.289041095888,0.0
24,48.0,1912.9,2456.887671232875,0.0,148.3,148.71917808219186,0.0,5538.1,5557.691780821919,0.0,3115.3,3115.5602739726055,0.0,328.1,3745.556164383561,0.0,3052.4,5164.968493150685,0.0,0.0,1414.1726027397244,0.0,2247.0,2638.9082191780813,0.0,0.0,4275.29726027397,0.0
25,50.0,1530.3,2074.301369863012,0.0,98.9,99.31917808219185,0.0,3685.6,3705.1917808219187,0.0,2320.0,2320.2602739726053,0.0,261.2,3678.6794520547937,0.0,2609.0,4721.568493150686,0.0,4241.6,5655.772602739725,0.0,1911.6,2303.508219178081,0.0,0.0,3998.305479452052,0.0
26,52.0,1147.8,1691.801369863012,0.0,49.4,49.889041095890484,0.0,1833.1,1852.6917808219184,0.0,1524.6,1524.8739726027425,0.0,194.3,3611.8027397260266,0.0,2165.5,4278.116438356165,0.0,3534.6,4948.846575342464,0.0,1576.1,1968.045205479451,0.0,0.0,3721.3136986301342,0.0
27,54.0,765.2,1309.215068493149,0.0,0.0,0.48904109589048517,0.0,0.0,0.19178082191842805,0.0,7729.2,7729.473972602742,0.0,127.5,3545.0027397260264,0.0,1722.0,3834.664383561645,0.0,2827.7,4241.946575342464,0.0,2292.2,2684.145205479451,0.0,0.0,3444.3219178082163,0.0
28,56.0,382.6,926.6287671232859,0.0,49.4,49.889041095890484,0.0,3827.3,3827.491780821919,0.0,6933.8,6934.087671232879,0.0,60.6,3478.1260273972593,0.0,1278.6,3391.2643835616454,0.0,2120.8,3535.046575342464,0.0,1956.7,2348.6821917808206,0.0,0.0,3167.3301369862984,0.0
29,58.0,0.0,544.0424657534229,0.0,0.0,0.48904109589048517,0.0,1974.8,1974.9917808219186,0.0,6138.4,6138.701369863016,0.0,0.0,3411.2493150684923,0.0,835.1,2947.812328767125,0.0,1413.9,2828.146575342464,0.0,1621.2,2013.2191780821904,0.0,0.0,7390.3383561643805,0.0
30,60.0,2678.1,3222.142465753423,0.0,367.8,368.2890410958905,0.0,5705.0,5705.191780821919,0.0,5343.0,5343.315068493153,0.0,0.0,3344.372602739725,0.0,391.7,2504.4123287671255,0.0,706.9,2121.2205479452036,0.0,1285.8,1677.8191780821903,0.0,0.0,7113.3465753424625,0.0
31,62.0,2295.5,2839.55616438356,0.0,318.4,318.8890410958905,0.0,3852.5,3852.6917808219187,0.0,4547.6,4547.9287671232905,0.0,0.0,3277.495890410958,0.0,3887.6,6000,0.0,0.0,1414.3205479452035,0.0,950.3,1342.35616438356,0.0,0.0,6836.354794520545,0.0
32,64.0,1912.9,2456.969863013697,0.0,268.9,269.4589041095891,0.0,8000.0,8000,0.0,3752.3,3752.6287671232903,0.0,0.0,3210.619178082191,0.0,3444.1,5556.54794520548,0.0,0.0,707.4205479452036,0.0,614.8,1006.8931506849299,0.0,0.0,6559.363013698627,0.0
33,66.0,1530.3,6574.358710655256,0.0,219.5,220.05890410958915,0.0,6147.5,6147.5,0.0,2956.9,2957.2424657534275,0.0,0.0,3143.742465753424,0.0,3000.6,5113.095890410959,0.0,0.0,0.5205479452035888,0.0,279.4,671.4931506849298,0.0,0.0,6282.371232876709,0.0
34,68.0,1147.8,6191.858710655256,0.0,170.1,170.65890410958914,0.0,4295.0,4295.0,0.0,2161.5,2161.8561643835646,0.0,0.0,3076.8657534246568,0.0,2557.2,4669.69589041096,0.0,2120.8,2121.3205479452035,0.0,0.0,336.0301369862996,0.0,0.0,6005.379452054791,0.0
35,70.0,765.2,5809.272409285393,0.0,120.7,121.25890410958917,0.0,2442.5,2442.5,0.0,8366.1,8366.456164383564,0.0,0.0,3009.9890410958897,0.0,2113.7,4226.243835616439,0.0,1413.9,1414.4205479452035,0.0,0.0,0.5671232876694603,0.0,0.0,5728.387671232873,0.0
36,72.0,382.6,5761.023287671159,0.0,71.2,71.8287671232878,0.0,590.0,589.9999999999998,0.0,7570.7,7571.069863013701,0.0,0.0,2943.1123287671226,0.0,1670.3,3782.8438356164397,0.0,706.9,707.4945205479431,0.0,2836.8,2837.3671232876695,0.0,0.0,5451.395890410955,0.0
37,74.0,0.0,5378.436986301296,0.0,201.7,202.3287671232878,0.0,5557.5,5557.5,0.0,6775.3,6775.683561643838,0.0,0.0,2876.2356164383555,0.0,1226.8,3339.3917808219194,0.0,0.0,0.5945205479431479,0.0,2501.4,2501.9671232876694,0.0,0.0,5174.404109589037,0.0
38,76.0,0.0,4995.8506849314335,0.0,152.3,152.92876712328783,0.0,3705.0,3705.0,0.0,5979.9,5980.297260273976,0.0,0.0,2809.3589041095884,0.0,783.4,2895.9917808219197,0.0,1788.1,1788.6945205479433,0.0,2165.9,2166.504109589039,0.0,0.0,4897.412328767119,0.0
39,78.0,0.0,4613.264383561571,0.0,102.9,103.52876712328782,0.0,1852.5,1852.4999999999998,0.0,5184.5,5184.910958904113,0.0,0.0,2742.4821917808213,0.0,339.9,2452.5397260273994,0.0,1081.1,1081.7684931506828,0.0,1830.4,1831.041095890409,0.0,0.0,4620.420547945201,0.0
40,80.0,0.0,4230.678082191708,0.0,53.4,54.09863013698645,0.0,0.0,0.0,0.0,4389.2,4389.6109589041125,0.0,0.0,2675.605479452054,0.0,0.0,2009.1397260273995,0.0,6703.3,6703.968493150684,0.0,5000.0,5000,0.0,0.0,4343.428767123283,0.0
41,82.0,0.0,3848.091780821845,0.0,148.3,148.99863013698646,0.0,4003.2,4003.2,0.0,3593.8,3594.2246575342497,0.0,0.0,2608.728767123287,0.0,0.0,4420.863013698626,0.0,5996.4,5997.068493150683,0.0,4664.5,4664.53698630137,0.0,0.0,4066.4369863013653,0.0
42,84.0,0.0,3465.505479451982,0.0,98.9,99.59863013698646,0.0,2150.7,2150.7,0.0,2798.4,2798.838356164387,0.0,0.0,2541.85205479452,0.0,0.0,3977.4109589041054,0.0,5289.4,5290.142465753423,0.0,5000.0,5000,0.0,0.0,3789.4452054794474,0.0
43,86.0,0.0,3082.919178082119,0.0,49.4,50.16849315068509,0.0,6298.2,6298.2,0.0,2003.0,2003.452054794524,0.0,0.0,2474.975342465753,0.0,0.0,3533.958904109585,0.0,4582.5,4583.242465753423,0.0,4664.5,4664.53698630137,0.0,0.0,3512.4534246575295,0.0
44,88.0,0.0,2700.3328767122557,0.0,0.0,0.7684931506850887,0.0,4445.7,4445.7,0.0,1207.6,1208.0657534246611,0.0,0.0,2408.098630136986,0.0,0.0,3090.5068493150648,0.0,3875.6,3876.3424657534224,0.0,4329.1,4329.136986301371,0.0,0.0,3235.4616438356115,0.0
45,90.0,0.0,2317.7465753423926,0.0,543.7,544.4684931506852,0.0,8000.0,8000.0,0.0,7412.2,7412.665753424661,0.0,0.0,2341.2219178082187,0.0,0.0,2647.0547945205444,0.0,3168.6,3169.416438356162,0.0,3993.6,3993.6739726027404,0.0,0.0,7458.469863013694,0.0
46,92.0,0.0,1935.1602739725295,0.0,494.3,495.0684931506852,0.0,6147.5,6147.5,0.0,6616.8,6617.279452054798,0.0,0.0,2274.3452054794516,0.0,0.0,2203.602739726024,0.0,2461.7,2462.516438356162,0.0,3658.1,3658.21095890411,0.0,0.0,7181.478082191776,0.0
47,94.0,0.0,1552.5739726026663,0.0,444.9,445.66849315068515,0.0,4295.0,4295.0,0.0,5821.5,5821.979452054798,0.0,0.0,2207.4684931506845,0.0,0.0,1760.1506849315035,0.0,5406.6,5407.416438356163,0.0,3322.7,3322.81095890411,0.0,0.0,6904.486301369858,0.0
48,96.0,2678.1,4230.673972602667,0.0,395.4,396.2383561643838,0.0,2442.5,2442.5,0.0,5026.1,5026.593150684935,0.0,0.0,2140.5917808219174,0.0,0.0,1316.698630136983,0.0,4699.6,4700.490410958902,0.0,2987.2,2987.34794520548,0.0,0.0,6627.49452054794,0.0
49,98.0,2295.5,3848.087671232804,0.0,346.0,346.8383561643838,0.0,590.0,967.6054794520549,0.0,4230.7,4231.206849315072,0.0,0.0,2073.7150684931503,0.0,3495.9,4812.598630136984,0.0,3992.7,3993.590410958902,0.0,5000.0,5000,0.0,0.0,6350.502739726022,0.0
50,100.0,1912.9,3465.501369862941,0.0,296.6,297.43835616438383,0.0,4737.5,5115.105479452055,0.0,3435.3,3435.820547945209,0.0,0.0,2006.8383561643832,0.0,3052.4,4369.146575342464,0.0,3285.8,3286.6904109589022,0.0,4664.5,4664.53698630137,0.0,0.0,6073.510958904104,0.0
51,102.0,1530.3,3082.915068493078,0.0,247.2,248.0383561643838,0.0,2884.9,3262.5958904109593,0.0,2639.9,2640.434246575346,0.0,0.0,1939.961643835616,0.0,2609.0,3925.746575342464,0.0,2578.8,2579.764383561642,0.0,4329.1,4329.136986301371,0.0,0.0,5796.519178082186,0.0
52,104.0,1147.8,2700.415068493078,0.0,197.7,198.60821917808244,0.0,7032.4,7410.095890410959,0.0,1844.5,1845.0479452054833,0.0,0.0,1873.084931506849,0.0,2165.5,3482.2945205479436,0.0,1871.9,1872.8643835616417,0.0,3993.6,3993.6739726027404,0.0,0.0,5519.527397260268,0.0
53,106.0,765.2,2317.8287671232147,0.0,148.3,149.20821917808246,0.0,5179.9,5557.595890410959,0.0,8049.1,8049.647945205483,0.0,0.0,1806.208219178082,0.0,1722.0,3038.8424657534233,0.0,1165.0,1165.9643835616416,0.0,3658.1,3658.21095890411,0.0,0.0,5242.53561643835,0.0
54,108.0,382.6,1935.2424657533516,0.0,98.9,99.80821917808245,0.0,3327.4,3705.0958904109602,0.0,7253.8,7254.347945205483,0.0,0.0,1739.3315068493148,0.0,1278.6,2595.4424657534237,0.0,5655.4,5656.364383561641,0.0,3322.7,3322.81095890411,0.0,0.0,4965.543835616432,0.0
55,110.0,0.0,1552.6561643834884,0.0,49.4,50.37808219178108,0.0,1474.9,1852.59589041096,0.0,6458.4,6458.96164383562,0.0,0.0,1672.4547945205477,0.0,835.1,2151.9904109589033,0.0,4948.5,4949.464383561642,0.0,2987.2,2987.34794520548,0.0,0.0,4688.552054794514,0.0
56,112.0,2678.1,8730.756164383487,0.0,0.0,0.978082191781084,0.0,0.0,0.09589041096000983,0.0,5663.0,5663.575342465757,0.0,0.0,1605.5780821917806,0.0,391.7,1708.5904109589035,0.0,4241.6,4242.564383561642,0.0,3454.4,3454.54794520548,0.0,0.0,4411.560273972596,0.0
57,114.0,2295.5,8348.169863013623,0.0,49.4,50.37808219178108,0.0,3899.9,3899.995890410961,0.0,4867.6,4868.189041095894,0.0,0.0,1538.7013698630135,0.0,3887.6,5204.490410958904,0.0,3534.6,3535.6383561643815,0.0,3119.0,3119.14794520548,0.0,0.0,4134.5684931506785,0.0
58,116.0,1912.9,7965.583561643761,0.0,0.0,0.978082191781084,0.0,2047.4,2047.4958904109606,0.0,4072.2,4072.802739726031,0.0,0.0,1471.8246575342464,0.0,3444.1,4761.038356164384,0.0,2827.7,2828.7383561643815,0.0,2783.5,2783.68493150685,0.0,0.0,3857.5767123287606,0.0
59,118.0,1530.3,7582.997260273898,0.0,440.4,441.37808219178106,0.0,5705.0,5705.095890410961,0.0,3276.8,3277.4164383561683,0.0,0.0,1404.9479452054793,0.0,3000.6,4317.586301369864,0.0,2120.8,2121.838356164382,0.0,2448.0,2448.2219178082196,0.0,0.0,3580.5849315068426,0.0
60,120.0,1147.8,7200.497260273898,0.0,391.0,391.9780821917811,0.0,3852.5,3852.595890410961,0.0,2481.4,2482.0301369863055,0.0,0.0,1338.0712328767122,0.0,2557.2,3874.186301369864,0.0,1413.9,1414.9383561643817,0.0,2112.6,2112.8219178082195,0.0,0.0,3303.5931506849247,0.0
61,122.0,765.2,6817.910958904035,0.0,341.6,342.5780821917811,0.0,8000.0,8000,0.0,8686.0,8686.630136986305,0.0,0.0,1271.194520547945,0.0,2113.7,3430.7342465753436,0.0,706.9,708.0123287671214,0.0,1777.1,1777.3589041095893,0.0,0.0,3026.6013698630068,0.0
62,124.0,382.6,6435.324657534173,0.0,292.1,293.14794520547974,0.0,6147.5,6147.5,0.0,7890.7,7891.330136986306,0.0,0.0,1204.317808219178,0.0,1670.3,2987.334246575344,0.0,0.0,1.1123287671214257,0.0,1441.6,1441.895890410959,0.0,0.0,2749.609589041089,0.0
63,126.0,0.0,6052.73835616431,0.0,242.7,243.7479452054797,0.0,4295.0,4295.0,0.0,7095.3,7095.943835616443,0.0,0.0,1137.441095890411,0.0,1226.8,2543.8821917808236,0.0,2827.7,2828.8123287671215,0.0,1106.2,1106.4958904109592,0.0,0.0,2472.617808219171,0.0
64,128.0,2966.3,9019.03835616431,0.0,193.3,194.34794520547973,0.0,2442.5,2442.5,0.0,6299.9,6300.55753424658,0.0,0.0,1070.5643835616438,0.0,783.4,2100.482191780824,0.0,2120.8,3127.5397260274067,0.0,770.7,771.032876712329,0.0,0.0,2195.626027397253,0.0
65,130.0,2583.7,8636.452054794447,0.0,143.9,144.94794520547973,0.0,590.0,589.9999999999998,0.0,5504.5,5505.171232876717,0.0,0.0,1003.6876712328767,0.0,3991.1,5308.182191780824,0.0,1413.9,2420.6397260274066,0.0,2900.6,2900.9328767123284,0.0,0.0,1918.634246575335,0.0
66,132.0,2201.1,8253.865753424583,0.0,94.4,95.51780821917836,0.0,4737.5,4737.5,0.0,4709.1,4709.784931506854,0.0,0.0,936.8109589041096,0.0,3547.6,4864.7301369863035,0.0,706.9,1713.7136986301462,0.0,2565.2,2565.5328767123283,0.0,0.0,1641.6424657534171,0.0
67,134.0,1818.5,7871.27945205472,0.0,45.0,46.11780821917835,0.0,2884.9,2884.9904109589042,0.0,3913.7,7470.365753424654,0.0,0.0,869.9342465753425,0.0,3104.2,4421.330136986304,0.0,0.0,1006.8136986301462,0.0,2229.7,2230.069863013698,0.0,0.0,1364.6506849314992,0.0
68,136.0,1435.9,7488.693150684858,0.0,1323.0,1324.1178082191784,0.0,5705.0,5705.090410958905,0.0,3118.3,6674.979452054791,0.0,0.0,803.0575342465754,0.0,2660.7,3977.8780821917835,0.0,2516.4,3523.2136986301466,0.0,1894.2,1894.6068493150678,0.0,0.0,1087.6589041095813,0.0
69,138.0,1053.3,7106.106849314995,0.0,1273.6,1274.7178082191783,0.0,3852.5,3852.5904109589046,0.0,2323.0,5879.679452054791,0.0,0.0,736.1808219178083,0.0,2217.3,3534.478082191784,0.0,1809.5,2816.3136986301465,0.0,1558.8,1559.2068493150678,0.0,0.0,810.6671232876635,0.0
70,140.0,670.8,6723.606849314995,0.0,1224.1,1225.2876712328768,0.0,8000.0,8000,0.0,1527.6,5084.293150684928,0.0,0.0,669.3041095890412,0.0,1773.8,3091.0260273972635,0.0,1102.5,2109.387671232886,0.0,5000.0,5000,0.0,0.0,5033.675342465745,0.0
71,142.0,288.2,6341.020547945132,0.0,1174.7,1175.887671232877,0.0,6147.5,6147.5,0.0,732.2,4288.906849315065,0.0,0.0,602.4273972602741,0.0,1330.4,2647.626027397264,0.0,395.6,1402.487671232886,0.0,4664.5,4664.53698630137,0.0,0.0,4756.6835616438275,0.0
72,144.0,0.0,5958.43424657527,0.0,1125.3,1126.487671232877,0.0,4295.0,4295.0,0.0,0.0,3493.5205479452025,0.0,0.0,535.550684931507,0.0,886.9,2204.1739726027436,0.0,5655.4,6662.287671232885,0.0,4329.1,4329.136986301371,0.0,0.0,4479.69178082191,0.0
73,146.0,0.0,5575.847945205407,0.0,1075.8,1077.0575342465754,0.0,2442.5,2442.5,0.0,6204.6,9698.120547945202,0.0,0.0,468.6739726027399,0.0,443.5,1760.7739726027437,0.0,4948.5,5955.387671232886,0.0,3993.6,3993.6739726027404,0.0,0.0,4202.699999999992,0.0
74,148.0,0.0,9693.261643835542,0.0,1026.4,1027.6575342465756,0.0,590.0,589.9999999999998,0.0,5409.2,8902.734246575339,0.0,0.0,401.7972602739728,0.0,0.0,1317.3219178082231,0.0,4241.6,5248.487671232886,0.0,3691.4,3691.4739726027406,0.0,0.0,3925.7082191780737,0.0
75,150.0,0.0,9310.675342465678,0.0,977.0,978.2575342465756,0.0,4737.5,4737.5,0.0,4613.8,8107.347945205476,0.0,0.0,334.9205479452057,0.0,0.0,873.8698630137026,0.0,3534.6,4541.561643835626,0.0,3356.0,3356.0739726027405,0.0,0.0,3648.716438356156,0.0
76,152.0,2678.1,11988.775342465678,0.0,927.5,928.8273972602742,0.0,2884.9,2884.9904109589042,0.0,3818.5,7312.047945205476,0.0,0.0,268.0438356164386,0.0,0.0,430.417808219182,0.0,2827.7,3834.661643835625,0.0,3020.5,3020.6109589041102,0.0,0.0,3371.724657534238,0.0
77,154.0,2295.5,11606.189041095815,0.0,2205.5,2206.827397260274,0.0,5705.0,5705.090410958905,0.0,3023.1,6516.661643835613,0.0,0.0,201.1671232876715,0.0,3495.9,3926.3178082191826,0.0,2120.8,3127.7616438356254,0.0,2685.0,2685.14794520548,0.0,0.0,3094.73287671232,0.0
78,156.0,1912.9,11223.602739725951,0.0,2156.1,2157.427397260274,0.0,3852.5,3852.5904109589046,0.0,2227.7,5721.27534246575,0.0,0.0,134.29041095890437,0.0,3052.4,3482.865753424662,0.0,1413.9,2420.8616438356253,0.0,2349.6,2349.74794520548,0.0,0.0,2817.741095890402,0.0
79,158.0,1530.3,10841.016438356088,0.0,2106.7,2108.027397260274,0.0,8000.0,8000,0.0,1432.3,4925.8890410958875,0.0,0.0,67.41369863013725,0.0,2609.0,3039.4657534246626,0.0,706.9,1713.9356164383648,0.0,2014.1,2014.2849315068497,0.0,0.0,2540.749315068484,0.0
80,160.0,1147.8,10458.516438356088,0.0,2057.2,2058.5972602739726,0.0,6147.5,6147.5,0.0,636.9,4130.502739726025,0.0,0.0,0.5369863013701206,0.0,2165.5,2596.0136986301422,0.0,0.0,1007.0356164383649,0.0,1678.6,1678.8219178082195,0.0,0.0,2263.757534246566,0.0
81,162.0,765.2,10075.930136986224,0.0,2007.8,2009.1972602739725,0.0,4295.0,4295.0,0.0,6841.5,10335.102739726024,0.0,0.0,2255.084931506848,0.0,1722.0,2152.561643835622,0.0,965.3,1972.3356164383645,0.0,1343.2,1343.4219178082196,0.0,0.0,1986.7657534246482,0.0
82,164.0,382.6,9693.34383561636,0.0,1958.4,1959.7972602739726,0.0,2442.5,2442.5,0.0,6046.1,9539.716438356161,0.0,0.0,2188.208219178081,0.0,1278.6,1709.161643835622,0.0,258.4,1265.4356164383644,0.0,1007.7,1007.9589041095894,0.0,0.0,1709.7739726027303,0.0
83,166.0,0.0,9310.757534246497,0.0,1908.9,1910.3671232876711,0.0,590.0,589.9999999999998,0.0,5250.8,8744.416438356162,0.0,0.0,2121.331506849314,0.0,835.1,1265.7095890411015,0.0,5880.5,6887.535616438365,0.0,5000.0,5000,0.0,0.0,1432.7821917808124,0.0
84,168.0,0.0,8928.171232876633,0.0,1859.5,1860.967123287671,0.0,4737.5,4737.5,0.0,4455.4,7949.030136986299,0.0,0.0,2054.454794520547,0.0,391.7,5322.309589041101,0.0,5173.6,6180.635616438365,0.0,4664.5,4664.53698630137,0.0,0.0,1155.7904109588944,0.0
85,170.0,0.0,8545.58493150677,0.0,1810.1,1811.567123287671,0.0,2884.9,2884.9904109589042,0.0,3660.0,7153.643835616436,0.0,0.0,1987.5780821917797,0.0,0.0,4878.857534246581,0.0,4466.7,5473.735616438365,0.0,5000.0,5000,0.0,0.0,878.7986301369766,0.0
86,172.0,0.0,8162.998630136907,0.0,1760.7,1762.167123287671,0.0,1032.4,1032.490410958904,0.0,2864.6,6358.257534246573,0.0,0.0,1920.7013698630126,0.0,0.0,4435.405479452061,0.0,8753.4,9760.435616438366,0.0,4664.5,4664.53698630137,0.0,0.0,601.8068493150588,0.0
87,174.0,0.0,7780.4123287670445,0.0,2186.1,2187.5671232876707,0.0,5705.0,5705.090410958905,0.0,2069.2,5562.871232876711,0.0,0.0,1853.8246575342455,0.0,0.0,3991.9534246575404,0.0,8046.5,9053.535616438367,0.0,4329.1,4329.136986301371,0.0,0.0,324.815068493141,0.0
88,176.0,0.0,7397.826027397182,0.0,2136.7,2138.1671232876706,0.0,3852.5,3852.5904109589046,0.0,1273.8,4767.484931506848,0.0,0.0,1786.9479452054784,0.0,0.0,3548.50136986302,0.0,7339.5,8346.609589041107,0.0,5000.0,5000,0.0,0.0,47.82328767122317,0.0
89,178.0,0.0,7015.239726027319,0.0,2087.3,2088.767123287671,0.0,8000.0,8000,0.0,478.4,3972.098630136985,0.0,0.0,1720.0712328767113,0.0,0.0,3105.0493150684997,0.0,6632.6,7639.7095890411065,0.0,4664.5,4664.53698630137,0.0,0.0,4270.831506849305,0.0
90,180.0,0.0,6632.6534246574565,0.0,2037.8,2039.3369863013695,0.0,6147.5,6147.5,0.0,0.0,3176.712328767122,0.0,0.0,1653.1945205479442,0.0,0.0,2661.5972602739794,0.0,5925.7,6932.809589041106,0.0,4329.1,4329.136986301371,0.0,0.0,3993.839726027387,0.0
91,182.0,0.0,6250.067123287594,0.0,1988.4,1989.9369863013696,0.0,4295.0,4295.0,0.0,6204.6,9381.312328767122,0.0,0.0,1586.317808219177,0.0,0.0,2218.145205479459,0.0,9541.4,10548.509589041107,0.0,3993.6,3993.6739726027404,0.0,0.0,3716.847945205469,0.0
92,184.0,0.0,5867.480821917731,0.0,1939.0,1940.5369863013696,0.0,2442.5,2442.5,0.0,5409.2,8585.92602739726,0.0,0.0,1519.44109589041,0.0,0.0,1774.6931506849385,0.0,8834.5,9841.609589041107,0.0,3658.1,3658.21095890411,0.0,0.0,3439.856164383551,0.0
93,186.0,0.0,5484.8945205478685,0.0,1889.5,1891.106849315068,0.0,590.0,589.9999999999998,0.0,4613.8,7790.539726027397,0.0,0.0,1452.564383561643,0.0,0.0,1331.241095890418,0.0,8127.6,9134.709589041107,0.0,5000.0,5000,0.0,0.0,3162.864383561633,0.0
94,188.0,0.0,5102.308219178006,0.0,1840.1,1841.706849315068,0.0,4737.5,4737.5,0.0,3818.5,6995.2397260273965,0.0,0.0,1385.6876712328758,0.0,0.0,887.7890410958973,0.0,7420.7,8427.809589041108,0.0,4664.5,4664.53698630137,0.0,0.0,2885.872602739715,0.0
95,190.0,0.0,4719.721917808143,0.0,1790.7,1792.3068493150681,0.0,2884.9,2884.9904109589042,0.0,3023.1,6199.853424657534,0.0,0.0,1318.8109589041087,0.0,0.0,444.3369863013768,0.0,6713.7,7720.883561643847,0.0,4329.1,4329.136986301371,0.0,0.0,2608.880821917797,0.0
96,192.0,2678.1,7397.821917808144,0.0,1741.3,1742.906849315068,0.0,7032.4,7032.490410958904,0.0,2227.7,5404.467123287671,0.0,0.0,1251.9342465753416,0.0,0.0,0.8849315068562191,0.0,6006.8,7013.983561643848,0.0,3993.6,3993.6739726027404,0.0,0.0,2331.8890410958793,0.0
97,194.0,2295.5,7015.235616438281,0.0,1691.8,1693.4767123287666,0.0,5179.9,5179.990410958904,0.0,1432.3,4609.080821917808,0.0,0.0,1185.0575342465745,0.0,3495.9,3496.784931506857,0.0,5299.9,6307.083561643847,0.0,3658.1,3658.21095890411,0.0,0.0,5544.42336169066,0.0
98,196.0,1912.9,6632.649315068418,0.0,2969.8,2971.4767123287666,0.0,8000.0,8000,0.0,636.9,3813.694520547945,0.0,0.0,1118.1808219178074,0.0,3052.4,3053.3328767123367,0.0,4593.0,5600.1835616438475,0.0,3322.7,3322.81095890411,0.0,0.0,5267.4315808687425,0.0
99,198.0,1530.3,6250.063013698556,0.0,2920.4,2922.0767123287665,0.0,6147.5,6147.5,0.0,0.0,3018.3082191780823,0.0,0.0,1051.3041095890403,0.0,2609.0,2609.932876712337,0.0,3886.0,4893.257534246587,0.0,2987.2,2987.34794520548,0.0,0.0,4990.4398000468245,0.0
100,200.0,1147.8,5867.563013698556,0.0,2870.9,2872.646575342465,0.0,4295.0,4295.0,0.0,0.0,2222.9219178082194,0.0,0.0,984.4273972602732,0.0,2165.5,2166.4808219178167,0.0,6159.9,7167.157534246587,0.0,2651.8,2651.94794520548,0.0,0.0,4713.448019224907,0.0
101,202.0,765.2,5484.976712328693,0.0,2821.5,2823.246575342465,0.0,2442.5,2442.5,0.0,6204.6,8427.52191780822,0.0,0.0,917.5506849315061,0.0,1722.0,5374.1356164383615,0.0,5453.0,6460.257534246587,0.0,2316.3,2316.48493150685,0.0,0.0,4436.456238402989,0.0
102,204.0,382.6,5102.39041095883,0.0,2772.1,2773.846575342465,0.0,590.0,589.9999999999998,0.0,5409.2,7632.135616438358,0.0,0.0,850.673972602739,0.0,1278.6,4930.735616438362,0.0,4746.1,5753.357534246587,0.0,5000.0,5000,0.0,0.0,4159.464457581071,0.0
103,206.0,0.0,4719.804109588968,0.0,2722.7,2724.4465753424647,0.0,4737.5,4737.5,0.0,4613.8,6836.749315068495,0.0,0.0,783.7972602739719,0.0,835.1,4487.2835616438415,0.0,10032.8,11040.057534246587,0.0,4664.5,4664.53698630137,0.0,0.0,3882.472676759153,0.0
104,208.0,0.0,4337.217808219105,0.0,2673.2,2675.0164383561632,0.0,2884.9,2884.9904109589042,0.0,3818.5,6041.449315068495,0.0,0.0,716.9205479452048,0.0,391.7,4043.883561643842,0.0,9325.8,10333.131506849328,0.0,4329.1,4329.136986301371,0.0,0.0,3605.480895937235,0.0
105,210.0,0.0,3954.6315068492418,0.0,2623.8,2625.6164383561636,0.0,1032.4,1032.490410958904,0.0,3023.1,5246.063013698632,0.0,0.0,5150.043835616438,0.0,0.0,3600.4315068493215,0.0,8618.9,9626.231506849328,0.0,5000.0,5000,0.0,0.0,3328.489115115317,0.0
106,212.0,0.0,3572.0452054793786,0.0,2574.4,2576.2164383561635,0.0,5179.9,5179.990410958904,0.0,2227.7,4450.676712328769,0.0,0.0,5083.167123287671,0.0,0.0,3156.979452054801,0.0,7912.0,8919.331506849328,0.0,4664.5,4664.53698630137,0.0,0.0,3051.497334293399,0.0
107,214.0,0.0,3189.4589041095155,0.0,2524.9,2526.786301369862,0.0,3327.4,3327.490410958905,0.0,1432.3,3655.2904109589063,0.0,0.0,5016.2904109589035,0.0,0.0,2713.527397260281,0.0,7205.1,8212.431506849329,0.0,4329.1,4329.136986301371,0.0,0.0,2774.505553471481,0.0
108,216.0,0.0,2806.8726027396524,0.0,2475.5,2477.386301369862,0.0,7474.9,7474.990410958904,0.0,7636.9,9859.890410958906,0.0,0.0,4949.413698630136,0.0,0.0,2270.0753424657605,0.0,6498.1,7505.505479452068,0.0,3993.6,3993.6739726027404,0.0,0.0,2497.513772649563,0.0
109,218.0,0.0,2424.2863013697893,0.0,2426.1,2427.986301369862,0.0,5622.4,5622.490410958904,0.0,6841.5,9064.504109589043,0.0,0.0,4882.536986301369,0.0,0.0,1826.62328767124,0.0,5791.2,6798.605479452068,0.0,3658.1,3658.21095890411,0.0,0.0,2220.5219918276453,0.0
110,220.0,0.0,2041.6999999999261,0.0,2376.6,2378.5561643835604,0.0,3769.9,3769.990410958905,0.0,6046.1,8269.11780821918,0.0,0.0,4815.660273972602,0.0,0.0,1383.1712328767194,0.0,8736.0,9743.405479452069,0.0,3322.7,3322.81095890411,0.0,0.0,1943.5302110057273,0.0
111,222.0,2678.1,4719.7999999999265,0.0,2327.2,2329.1561643835603,0.0,1917.4,1917.490410958905,0.0,5250.8,7473.817808219181,0.0,0.0,4748.783561643835,0.0,0.0,939.7191780821988,0.0,8029.1,9036.50547945207,0.0,2987.2,2987.34794520548,0.0,0.0,6166.5384301838085,0.0
112,224.0,2295.5,4337.213698630064,0.0,2277.8,2279.7561643835606,0.0,64.9,64.99041095890493,0.0,4455.4,6678.431506849318,0.0,0.0,4681.906849315068,0.0,3495.9,4435.619178082199,0.0,7322.2,8329.60547945207,0.0,5000.0,5000,0.0,0.0,5889.546649361891,0.0
113,226.0,1912.9,3954.6273972602007,0.0,2228.4,2230.3561643835606,0.0,4212.4,4212.490410958905,0.0,3660.0,5883.045205479455,0.0,0.0,4615.030136986301,0.0,3052.4,3992.167123287679,0.0,6615.3,7622.705479452069,0.0,4664.5,4664.53698630137,0.0,0.0,5612.554868539973,0.0
114,228.0,1530.3,3572.0410958903376,0.0,2178.9,2180.926027397259,0.0,2359.8,2359.9808219178094,0.0,2864.6,5087.658904109592,0.0,0.0,4548.153424657534,0.0,2609.0,3548.767123287679,0.0,5908.3,6915.779452054809,0.0,4329.1,4329.136986301371,0.0,0.0,5335.563087718055,0.0
115,230.0,1147.8,3189.5410958903376,0.0,2129.5,2131.526027397259,0.0,6507.3,6507.4808219178085,0.0,2069.2,4292.272602739729,0.0,0.0,4481.276712328767,0.0,2165.5,3105.315068493159,0.0,5201.4,6208.879452054808,0.0,3993.6,3993.6739726027404,0.0,0.0,5058.571306896137,0.0
116,232.0,765.2,2806.9547945204745,0.0,2080.1,2082.126027397259,0.0,4654.8,4654.9808219178085,0.0,8273.8,10496.87260273973,0.0,0.0,4414.4,0.0,1722.0,2661.8630136986385,0.0,4494.5,5501.9794520548085,0.0,3658.1,3658.21095890411,0.0,0.0,4781.579526074219,0.0
117,234.0,382.6,2424.3684931506114,0.0,2030.6,2032.6958904109574,0.0,2802.3,2802.4808219178085,0.0,7478.4,9701.486301369867,0.0,0.0,4347.5232876712325,0.0,1278.6,2218.463013698639,0.0,7439.3,8446.77945205481,0.0,3322.7,3322.81095890411,0.0,0.0,4504.587745252301,0.0
118,236.0,0.0,2041.7821917807482,0.0,1981.2,1983.2958904109576,0.0,7949.8,7949.9808219178085,0.0,6683.0,8906.100000000004,0.0,0.0,4280.646575342465,0.0,835.1,1775.0109589041183,0.0,6732.4,7739.87945205481,0.0,2987.2,2987.34794520548,0.0,0.0,4227.595964430383,0.0
119,238.0,0.0,1659.195890410885,0.0,1931.8,1933.8958904109575,0.0,6097.3,6097.4808219178085,0.0,5887.7,8110.800000000005,0.0,0.0,4213.769863013698,0.0,391.7,1331.6109589041182,0.0,6025.5,7032.97945205481,0.0,5000.0,5000,0.0,0.0,3950.604183608465,0.0
120,240.0,0.0,1276.609589041022,0.0,1882.3,1884.465753424656,0.0,4244.8,4244.9808219178085,0.0,5092.3,7315.413698630142,0.0,0.0,4146.893150684931,0.0,0.0,888.1589041095976,0.0,10312.2,11319.679452054812,0.0,4664.5,4664.53698630137,0.0,0.0,3673.612402786547,0.0
121,242.0,0.0,894.023287671159,0.0,1832.9,1835.0657534246561,0.0,2392.3,3345.487671232877,0.0,4296.9,6520.027397260279,0.0,0.0,4080.016438356164,0.0,0.0,444.7068493150771,0.0,9605.2,10612.753424657552,0.0,4329.1,4329.136986301371,0.0,0.0,3396.620621964629,0.0
122,244.0,2678.1,3572.123287671159,0.0,1783.5,1785.665753424656,0.0,539.8,1492.9876712328767,0.0,3501.5,5724.641095890416,0.0,0.0,4013.139726027397,0.0,0.0,1.2547945205565156,0.0,8898.3,9905.853424657551,0.0,5000.0,5000,0.0,0.0,3119.6288411427113,0.0
123,246.0,2295.5,3189.5369863012957,0.0,1734.1,1736.265753424656,0.0,4687.3,5640.487671232877,0.0,2706.1,4929.254794520553,0.0,0.0,3946.26301369863,0.0,3495.9,3497.1547945205566,0.0,8191.4,9198.953424657551,0.0,4664.5,4664.53698630137,0.0,0.0,2842.6370603207934,0.0
124,248.0,1912.9,2806.9506849314325,0.0,1684.6,1686.8356164383545,0.0,2834.8,3787.987671232877,0.0,1910.7,4133.8684931506905,0.0,0.0,3879.386301369863,0.0,3052.4,3053.7027397260363,0.0,7484.4,8492.027397260292,0.0,4329.1,4329.136986301371,0.0,0.0,2565.6452794988754,0.0
125,250.0,1530.3,2424.3643835615694,0.0,1635.2,1637.4356164383546,0.0,6982.2,7935.3876712328765,0.0,1115.3,3338.4821917808276,0.0,0.0,3812.5095890410958,0.0,2609.0,2610.3027397260366,0.0,6777.5,7785.127397260291,0.0,3993.6,3993.6739726027404,0.0,0.0,2288.6534986769575,0.0
126,252.0,1147.8,2041.8643835615694,0.0,1585.8,1588.0356164383545,0.0,5129.7,6082.8876712328765,0.0,320.0,2543.182191780828,0.0,0.0,3745.6328767123287,0.0,2165.5,2166.8506849315163,0.0,6070.6,7078.227397260292,0.0,3658.1,3658.21095890411,0.0,0.0,2011.6617178550396,0.0
127,254.0,765.2,1659.2780821917063,0.0,1536.3,1538.605479452053,0.0,3277.2,4230.3876712328765,0.0,6524.6,8747.782191780829,0.0,0.0,3678.7561643835616,0.0,1722.0,1723.3986301369957,0.0,9015.4,10023.027397260292,0.0,3322.7,3322.81095890411,0.0,0.0,1734.6699370331216,0.0
128,256.0,382.6,1276.6917808218432,0.0,1486.9,1489.2054794520532,0.0,1424.7,2377.8876712328765,0.0,5729.2,7952.395890410966,0.0,0.0,3611.8794520547945,0.0,1278.6,1279.9986301369956,0.0,8308.5,9316.127397260292,0.0,2987.2,2987.34794520548,0.0,0.0,1457.6781562112037,0.0
129,258.0,0.0,894.1054794519802,0.0,1437.5,1439.805479452053,0.0,0.0,525.3876712328763,0.0,4933.8,7157.009589041103,0.0,0.0,3545.0027397260274,0.0,835.1,836.5465753424751,0.0,7601.6,8609.227397260292,0.0,5000.0,5000,0.0,0.0,1180.6863753892858,0.0
130,260.0,2678.1,3572.20547945198,0.0,1388.0,1390.3753424657516,0.0,4147.5,4672.8876712328765,0.0,4138.4,6361.62328767124,0.0,0.0,3478.1260273972603,0.0,391.7,393.146575342475,0.0,6894.7,7902.327397260292,0.0,4664.5,4664.53698630137,0.0,0.0,903.694594567368,0.0
131,262.0,2295.5,3189.619178082117,0.0,1338.6,1340.9753424657515,0.0,2295.0,2820.3876712328765,0.0,3343.0,5566.236986301377,0.0,0.0,3411.249315068493,0.0,3887.6,3889.046575342475,0.0,6187.7,7195.4013698630315,0.0,4329.1,4329.136986301371,0.0,0.0,626.7028137454502,0.0
132,264.0,1912.9,2807.0328767122537,0.0,1289.2,1291.5753424657516,0.0,442.5,967.8876712328763,0.0,2547.6,4770.8506849315145,0.0,0.0,3344.372602739726,0.0,3444.1,3445.5945205479547,0.0,5480.8,6488.501369863032,0.0,3993.6,3993.6739726027404,0.0,0.0,349.71103292353234,0.0
133,266.0,1530.3,2424.4465753423906,0.0,1239.8,1242.1753424657516,0.0,4590.0,5115.3876712328765,0.0,1752.3,3975.5506849315143,0.0,0.0,3277.495890410959,0.0,3000.6,3002.1424657534344,0.0,4773.9,5781.601369863031,0.0,3658.1,3658.21095890411,0.0,0.0,4572.719252101613,0.0
134,268.0,1147.8,2041.9465753423906,0.0,1190.3,1192.74520547945,0.0,2737.5,3262.8876712328765,0.0,956.9,3180.1643835616514,0.0,0.0,3210.619178082192,0.0,2557.2,2558.7424657534348,0.0,4066.9,5074.675342465771,0.0,3322.7,3322.81095890411,0.0,0.0,4295.727471279695,0.0
135,270.0,765.2,1659.3602739725275,0.0,1140.9,1143.3452054794502,0.0,6884.9,7410.287671232876,0.0,7161.5,9384.764383561653,0.0,0.0,3143.7424657534248,0.0,2113.7,2115.2904109589144,0.0,3360.0,4367.77534246577,0.0,2987.2,2987.34794520548,0.0,0.0,4018.7356904577773,0.0
136,272.0,382.6,1276.7739726026643,0.0,1091.5,1093.9452054794501,0.0,5032.4,5557.787671232876,0.0,6366.1,8589.37808219179,0.0,0.0,3076.8657534246577,0.0,1670.3,1671.8904109589146,0.0,2653.1,3660.87534246577,0.0,2651.8,2651.94794520548,0.0,0.0,3741.7439096358594,0.0
137,274.0,0.0,894.1876712328013,0.0,1042.0,1044.5150684931486,0.0,3179.9,3705.287671232877,0.0,5570.7,7793.991780821927,0.0,0.0,3009.9890410958906,0.0,1226.8,1228.438356164394,0.0,5655.4,6663.17534246577,0.0,2316.3,2316.48493150685,0.0,0.0,3464.7521288139415,0.0
138,276.0,2678.1,3572.287671232801,0.0,992.6,995.1150684931487,0.0,1327.4,1852.7876712328768,0.0,4775.3,6998.605479452064,0.0,0.0,2943.1123287671235,0.0,783.4,785.0383561643941,0.0,4948.5,5956.27534246577,0.0,1980.8,1981.0219178082198,0.0,0.0,3187.7603479920235,0.0
139,278.0,2295.5,3189.701369862938,0.0,943.2,945.7150684931487,0.0,0.0,0.28767123287684626,0.0,3979.9,6203.219178082201,0.0,0.0,2876.2356164383564,0.0,4279.2,4280.838356164394,0.0,4241.6,5249.375342465771,0.0,3936.1,3936.3219178082195,0.0,0.0,2910.7685671701056,0.0
140,280.0,1912.9,2807.115068493075,0.0,893.7,896.2849315068473,0.0,4147.5,4147.787671232877,0.0,3184.5,5407.8328767123385,0.0,0.0,2809.3589041095893,0.0,3835.8,3837.4383561643945,0.0,3534.6,4542.44931506851,0.0,3600.7,3936.4356164383594,0.0,0.0,2633.7767863481877,0.0
141,282.0,1530.3,2424.5287671232118,0.0,844.3,846.8849315068472,0.0,2295.0,2295.287671232877,0.0,2389.2,4612.532876712338,0.0,0.0,2742.482191780822,0.0,3392.3,3393.986301369874,0.0,2827.7,3835.5493150685097,0.0,3265.2,3600.972602739729,0.0,0.0,2356.7850055262697,0.0
142,284.0,1147.8,2042.0287671232118,0.0,1532.3,1534.8849315068471,0.0,5705.0,5705.287671232877,0.0,1593.8,3817.1465753424754,0.0,0.0,2675.605479452055,0.0,2948.9,2950.5863013698745,0.0,2120.8,3128.64931506851,0.0,2929.7,3265.509589041099,0.0,0.0,2079.793224704352,0.0
143,286.0,765.2,1659.4424657533486,0.0,1482.9,1485.4849315068473,0.0,3852.5,3852.787671232877,0.0,7798.4,10021.746575342475,0.0,0.0,2608.728767123288,0.0,2505.4,2507.134246575354,0.0,1413.9,2421.74931506851,0.0,2594.3,2930.1095890410993,0.0,0.0,6302.801443882433,0.0
144,288.0,382.6,1276.8561643834855,0.0,1433.5,1436.0849315068472,0.0,8000.0,8000,0.0,7003.0,9226.360273972612,0.0,0.0,2541.852054794521,0.0,2062.0,2063.7342465753545,0.0,706.9,1714.8232876712495,0.0,2258.8,2594.646575342469,0.0,0.0,6025.809663060515,0.0
145,290.0,0.0,894.2698630136225,0.0,1384.0,1386.6547945205457,0.0,6147.5,6147.5,0.0,6207.6,8430.97397260275,0.0,0.0,2474.975342465754,0.0,1618.5,1620.282191780834,0.0,0.0,1007.9232876712496,0.0,1923.4,2259.246575342469,0.0,0.0,5748.817882238597,0.0
146,292.0,2678.1,3572.3698630136223,0.0,1334.6,1337.2547945205456,0.0,4295.0,4295.0,0.0,5412.2,7635.587671232886,0.0,0.0,2408.0986301369867,0.0,1175.1,1176.8821917808339,0.0,4197.3,5205.22328767125,0.0,1587.9,1923.7835616438388,0.0,0.0,5471.826101416679,0.0
147,294.0,2295.5,3189.783561643759,0.0,1285.2,1287.8547945205457,0.0,2442.5,2442.5,0.0,4616.8,6840.2013698630235,0.0,0.0,2341.2219178082196,0.0,4670.9,4672.682191780834,0.0,3490.3,4498.297260273989,0.0,1252.4,1588.3205479452085,0.0,0.0,5194.834320594761,0.0
148,296.0,1912.9,2807.197260273896,0.0,1235.8,1238.4547945205456,0.0,590.0,1557.5479452054794,0.0,3821.5,6044.901369863023,0.0,0.0,2274.3452054794525,0.0,4227.5,4229.282191780834,0.0,2783.4,3791.3972602739886,0.0,2012.8,2348.720547945208,0.0,0.0,4917.842539772843,0.0
149,298.0,1530.3,2424.610958904033,0.0,1186.3,1189.0246575342442,0.0,4737.5,5705.04794520548,0.0,3026.1,5249.5150684931605,0.0,0.0,2207.4684931506854,0.0,3784.0,3785.830136986314,0.0,2076.5,3084.4972602739886,0.0,1677.3,2013.257534246578,0.0,0.0,4640.850758950925,0.0
150,300.0,1147.8,2042.110958904033,0.0,1136.9,1139.6246575342443,0.0,2884.9,3852.538356164384,0.0,2230.7,4454.128767123298,0.0,0.0,2140.5917808219183,0.0,3340.6,3342.430136986314,0.0,1369.6,2377.5972602739885,0.0,1341.9,1677.857534246578,0.0,0.0,4363.8589781290075,0.0
151,302.0,765.2,1659.5246575341698,0.0,1087.5,1090.2246575342442,0.0,7032.4,8000,0.0,8435.3,10658.728767123297,0.0,0.0,2073.715068493151,0.0,2897.1,2898.978082191794,0.0,662.6,1670.671232876728,0.0,1006.4,1342.3945205479479,0.0,0.0,4086.8671973070896,0.0
152,304.0,382.6,1276.9383561643067,0.0,1038.0,1040.7945205479427,0.0,5179.9,6147.5,0.0,7639.9,9863.342465753434,0.0,0.0,2006.838356164384,0.0,2453.7,2455.5780821917942,0.0,0.0,963.771232876728,0.0,670.9,1006.9315068493177,0.0,0.0,3809.8754164851716,0.0
153,306.0,0.0,894.3520547944437,0.0,988.6,991.3945205479428,0.0,3327.4,4295.000000000001,0.0,6844.5,9067.956164383571,0.0,0.0,1939.961643835617,0.0,2010.2,2012.1260273972737,0.0,3280.3,4244.071232876729,0.0,335.5,671.5315068493176,0.0,0.0,3532.8836356632537,0.0
154,308.0,1740.7,2635.0520547944434,0.0,939.2,941.9945205479428,0.0,1474.9,2442.500000000001,0.0,6049.1,8272.569863013709,0.0,0.0,1873.08493150685,0.0,1566.8,1568.7260273972736,0.0,2573.4,3537.171232876728,0.0,0.0,336.0684931506874,0.0,0.0,3255.8918548413358,0.0
155,310.0,1358.1,2252.4657534245803,0.0,889.7,892.5643835616414,0.0,0.0,590.0000000000007,0.0,5253.8,7477.269863013709,0.0,0.0,1806.2082191780828,0.0,6000.0,6000,0.0,1866.4,2830.2452054794676,0.0,1677.3,2013.3684931506873,0.0,0.0,7478.869863013691,0.0
156,312.0,975.6,1869.9657534245803,0.0,840.3,843.1643835616413,0.0,4147.5,4737.500000000001,0.0,4458.4,6681.883561643846,0.0,0.0,1739.3315068493157,0.0,5556.5,5556.54794520548,0.0,1159.5,2123.3452054794675,0.0,1341.9,1677.9684931506874,0.0,0.0,7201.8780821917735,0.0
157,314.0,593.0,1487.3794520547171,0.0,790.9,793.7643835616414,0.0,2295.0,2885.000000000001,0.0,3663.0,5886.497260273984,0.0,0.0,1672.4547945205486,0.0,5113.1,5113.14794520548,0.0,452.6,1416.4452054794674,0.0,1006.4,1342.5054794520572,0.0,0.0,6924.886301369856,0.0
158,316.0,210.4,1104.793150684854,0.0,741.5,744.3643835616414,0.0,6442.5,7032.5,0.0,2867.6,5091.110958904121,0.0,0.0,1605.5780821917815,0.0,4669.6,4669.69589041096,0.0,0.0,709.5452054794674,0.0,670.9,1007.042465753427,0.0,0.0,6647.894520547938,0.0
159,318.0,4845.7,5740.093150684855,0.0,692.0,694.93424657534,0.0,4590.0,5180.0,0.0,2072.2,4295.724657534258,0.0,0.0,1538.7013698630144,0.0,4226.2,4226.295890410959,0.0,0.0,2.6452054794674495,0.0,335.5,671.6424657534269,0.0,0.0,6370.90273972602,0.0
160,320.0,4463.1,5357.506849314992,0.0,642.6,645.53424657534,0.0,2737.5,3327.5,0.0,1276.8,3500.338356164395,0.0,0.0,1471.8246575342473,0.0,5764.9,5764.995890410959,0.0,2827.7,2830.345205479467,0.0,0.0,336.17945205479674,0.0,0.0,6093.910958904102,0.0
161,322.0,4080.5,4974.920547945129,0.0,593.2,596.1342465753401,0.0,884.9,1474.990410958904,0.0,481.4,2704.952054794532,0.0,0.0,1404.9479452054802,0.0,5321.4,5321.543835616439,0.0,2120.8,2123.4452054794674,0.0,0.0,0.7164383561665773,0.0,0.0,5816.919178082184,0.0
162,324.0,3697.9,4592.334246575267,0.0,543.7,546.7041095890387,0.0,0.0,1377.710958904109,0.0,0.0,1909.5657534246693,0.0,0.0,1338.071232876713,0.0,4878.0,4878.143835616439,0.0,1413.9,1416.5452054794673,0.0,1850.5,1851.2164383561667,0.0,0.0,5539.927397260266,0.0
163,326.0,3315.3,4209.747945205404,0.0,494.3,497.3041095890387,0.0,4147.5,5525.210958904109,0.0,0.0,1114.1794520548065,0.0,0.0,1271.194520547946,0.0,4434.5,4434.691780821919,0.0,706.9,709.619178082207,0.0,1515.1,1515.8164383561666,0.0,0.0,5262.935616438348,0.0
164,328.0,2932.7,3827.161643835541,0.0,444.9,447.9041095890387,0.0,2295.0,3672.7109589041092,0.0,6204.6,7318.779452054807,0.0,0.0,1204.317808219179,0.0,3991.1,3991.291780821919,0.0,0.0,2.7191780822070086,0.0,1179.6,1180.3534246575364,0.0,0.0,4985.94383561643,0.0
165,330.0,2550.1,3444.5753424656777,0.0,395.4,398.4739726027373,0.0,442.5,1820.210958904109,0.0,5409.2,6523.393150684944,0.0,0.0,1137.4410958904118,0.0,3547.6,3547.8397260273987,0.0,3534.6,3537.3191780822062,0.0,844.1,844.8904109589062,0.0,0.0,4708.952054794512,0.0
166,332.0,2167.6,3062.0753424656777,0.0,346.0,349.07397260273734,0.0,5590.0,6967.710958904108,0.0,4613.8,5728.006849315081,0.0,0.0,1070.5643835616447,0.0,3104.2,3104.439726027399,0.0,2827.7,2830.419178082206,0.0,508.7,509.4904109589061,0.0,0.0,4431.960273972594,0.0
167,334.0,1785.0,2679.4890410958146,0.0,296.6,299.67397260273736,0.0,3737.5,5115.210958904108,0.0,3818.5,4932.706849315081,0.0,0.0,1003.6876712328776,0.0,2660.7,2660.9876712328787,0.0,2120.8,2123.5191780822065,0.0,1931.6,1932.3904109589062,0.0,0.0,4154.968493150676,0.0
168,336.0,1402.4,2296.9027397259515,0.0,247.2,250.27397260273733,0.0,1884.9,3262.7013698630126,0.0,3023.1,4137.320547945218,0.0,0.0,936.8109589041105,0.0,2217.3,2217.587671232879,0.0,1413.9,1416.6191780822064,0.0,1596.2,1596.9904109589063,0.0,0.0,3877.9767123287584,0.0
169,338.0,1019.8,1914.3164383560884,0.0,197.7,200.84383561643597,0.0,6032.4,7410.201369863013,0.0,2227.7,3341.9342465753552,0.0,0.0,869.9342465753434,0.0,1773.8,1774.1356164383585,0.0,706.9,709.6931506849461,0.0,1260.7,1261.527397260276,0.0,0.0,3600.9849315068404,0.0
170,340.0,637.2,1531.7301369862253,0.0,148.3,151.443835616436,0.0,4179.9,5557.701369863013,0.0,8432.3,9546.534246575355,0.0,0.0,803.0575342465763,0.0,1330.4,1330.7356164383586,0.0,0.0,2.793150684946113,0.0,925.3,926.127397260276,0.0,0.0,3323.9931506849225,0.0
171,342.0,254.6,1149.1438356163621,0.0,98.9,102.04383561643598,0.0,2327.4,3705.2013698630135,0.0,7636.9,8751.147945205492,0.0,0.0,736.1808219178092,0.0,886.9,887.2835616438381,0.0,3534.6,3537.393150684946,0.0,589.8,590.6643835616458,0.0,0.0,3047.0013698630046,0.0
172,344.0,0.0,766.5575342464991,0.0,49.4,52.613698630134614,0.0,474.9,1852.7013698630133,0.0,6841.5,7955.761643835629,0.0,0.0,669.3041095890421,0.0,443.5,443.8835616438381,0.0,2827.7,2830.4931506849457,0.0,254.3,255.2013698630156,0.0,0.0,2770.0095890410867,0.0
173,346.0,2678.1,3444.657534246499,0.0,0.0,3.2136986301346155,0.0,0.0,0.2013698630134968,0.0,6046.1,7160.375342465766,0.0,0.0,602.427397260275,0.0,0.0,0.43150684931754313,0.0,2120.8,2123.593150684946,0.0,1677.3,1678.2013698630155,0.0,0.0,2493.0178082191687,0.0
174,348.0,2295.5,3062.071232876636,0.0,98.9,102.11369863013462,0.0,3705.0,3705.2013698630135,0.0,5250.8,6365.075342465766,0.0,0.0,535.5506849315079,0.0,3495.9,3496.3315068493175,0.0,1413.9,1416.693150684946,0.0,1341.9,1342.8013698630157,0.0,0.0,2216.026027397251,0.0
175,350.0,1912.9,2679.4849315067727,0.0,49.4,52.68356164383325,0.0,1852.5,1852.7013698630133,0.0,4455.4,5569.689041095903,0.0,0.0,468.67397260274083,0.0,3052.4,3052.879452054797,0.0,706.9,709.7671232876856,0.0,1006.4,1007.3383561643855,0.0,0.0,1939.0342465753329,0.0
176,352.0,1530.3,2296.8986301369096,0.0,0.0,3.283561643833252,0.0,0.0,0.20136986301326942,0.0,3660.0,4774.30273972604,0.0,0.0,401.79726027397373,0.0,2609.0,2609.4794520547975,0.0,0.0,2.867123287685672,0.0,670.9,671.8753424657552,0.0,0.0,1662.042465753415,0.0
177,354.0,1147.8,1914.3986301369096,0.0,98.9,102.18356164383326,0.0,3705.0,3705.2013698630135,0.0,2864.6,3978.9164383561774,0.0,0.0,334.92054794520664,0.0,2165.5,2166.027397260277,0.0,3534.6,3537.4671232876854,0.0,335.5,336.4753424657552,0.0,0.0,1385.050684931497,0.0
178,356.0,765.2,1531.8123287670464,0.0,49.4,52.75342465753189,0.0,1852.5,1852.7013698630133,0.0,2069.2,3183.5301369863146,0.0,0.0,268.04383561643954,0.0,1722.0,1722.5753424657566,0.0,2827.7,2830.5671232876853,0.0,0.0,1.012328767125041,0.0,0.0,1108.058904109579,0.0
179,358.0,382.6,1149.2260273971833,0.0,0.0,3.353424657531889,0.0,0.0,0.20136986301326942,0.0,1273.8,2388.1438356164517,0.0,0.0,201.1671232876724,0.0,1278.6,1279.1753424657566,0.0,2120.8,2123.6671232876856,0.0,1006.4,1007.412328767125,0.0,0.0,831.0671232876613,0.0
180,360.0,0.0,766.6397260273203,0.0,98.9,102.2534246575319,0.0,3705.0,3705.2013698630135,0.0,478.4,1592.7575342465889,0.0,0.0,134.29041095890528,0.0,835.1,835.723287671236,0.0,1413.9,1416.7671232876855,0.0,670.9,671.9493150684948,0.0,0.0,554.0753424657435,0.0
181,362.0,0.0,384.0534246574573,0.0,49.4,52.823287671230524,0.0,1852.5,1852.7013698630133,0.0,0.0,797.3712328767259,0.0,0.0,67.41369863013816,0.0,391.7,392.3232876712359,0.0,706.9,709.8410958904252,0.0,335.5,336.54931506849476,0.0,0.0,277.08356164382565,0.0
182,364.0,0.0,1.4671232875942906,0.0,0.0,3.4232876712305256,0.0,0.0,0.20136986301326942,0.0,0.0,1.9849315068629494,0.0,0.0,0.5369863013710301,0.0,0.0,0.0,51.12876712328466,0.0,2.941095890425231,0.0,0.0,1.0863013698646,0.0,0.0,0.09178082190783243,0.0
