K,cluster,ports,visit_sequence,round_trip_nm_sea
2,C1,Mamuju; Palu; Kendari; Celukan Bawang; Lembar,Biringkassi -> Kendari -> Lembar -> Celukan Bawang -> Palu -> Mamuju -> Biringkassi,2000.12
2,C2,Bitung; Ambon; Oba; Sorong,Biringkassi -> Bitung -> Oba -> Sorong -> Ambon -> Biringkassi,2410.83
3,C1,Bitung; Ambon; Oba; Sorong,Biringkassi -> Bitung -> Oba -> Sorong -> Ambon -> Biringkassi,2410.83
3,C2,Celukan Bawang; Lembar,Biringkassi -> Celukan Bawang -> Lembar -> Biringkassi,751.2
3,C3,Mamuju; Palu; Kendari,Biringkassi -> Kendari -> Mamuju -> Palu -> Biringkassi,1343.72
4,C1,Mamuju; Palu; Kendari,Biringkassi -> Kendari -> Mamuju -> Palu -> Biringkassi,1343.72
4,C2,Celukan Bawang; Lembar,Biringkassi -> Celukan Bawang -> Lembar -> Biringkassi,751.2
4,C3,Ambon; Sorong,Biringkassi -> Ambon -> Sorong -> Biringkassi,1978.61
4,C4,Bitung; Oba,Biringkassi -> Bitung -> Oba -> Biringkassi,1762.3
5,C1,Bitung; Oba,Biringkassi -> Bitung -> Oba -> Biringkassi,1762.3
5,C2,Mamuju; Palu,Biringkassi -> Mamuju -> Palu -> Biringkassi,585.23
5,C3,Celukan Bawang; Lembar,Biringkassi -> Celukan Bawang -> Lembar -> Biringkassi,751.2
5,C4,Kendari,Biringkassi -> Kendari -> Biringkassi,821.52
5,C5,Ambon; Sorong,Biringkassi -> Ambon -> Sorong -> Biringkassi,1978.61
6,C1,Bitung; Oba,Biringkassi -> Bitung -> Oba -> Biringkassi,1762.3
6,C2,Celukan Bawang; Lembar,Biringkassi -> Celukan Bawang -> Lembar -> Biringkassi,751.2
6,C3,Ambon,Biringkassi -> Ambon -> Biringkassi,1234.14
6,C4,Kendari,Biringkassi -> Kendari -> Biringkassi,821.52
6,C5,Mamuju; Palu,Biringkassi -> Mamuju -> Palu -> Biringkassi,585.23
6,C6,Sorong,Biringkassi -> Sorong -> Biringkassi,1784.46
7,C1,Mamuju; Palu,Biringkassi -> Mamuju -> Palu -> Biringkassi,585.23
7,C2,Bitung,Biringkassi -> Bitung -> Biringkassi,1468.46
7,C3,Oba,Biringkassi -> Oba -> Biringkassi,1741.38
7,C4,Ambon,Biringkassi -> Ambon -> Biringkassi,1234.14
7,C5,Celukan Bawang; Lembar,Biringkassi -> Celukan Bawang -> Lembar -> Biringkassi,751.2
7,C6,Sorong,Biringkassi -> Sorong -> Biringkassi,1784.46
7,C7,Kendari,Biringkassi -> Kendari -> Biringkassi,821.52
8,C1,Mamuju,Biringkassi -> Mamuju -> Biringkassi,323.72
8,C2,Bitung,Biringkassi -> Bitung -> Biringkassi,1468.46
8,C3,Oba,Biringkassi -> Oba -> Biringkassi,1741.38
8,C4,Ambon,Biringkassi -> Ambon -> Biringkassi,1234.14
8,C5,Celukan Bawang; Lembar,Biringkassi -> Celukan Bawang -> Lembar -> Biringkassi,751.2
8,C6,Sorong,Biringkassi -> Sorong -> Biringkassi,1784.46
8,C7,Kendari,Biringkassi -> Kendari -> Biringkassi,821.52
8,C8,Palu,Biringkassi -> Palu -> Biringkassi,573.26
9,C1,Mamuju,Biringkassi -> Mamuju -> Biringkassi,323.72
9,C2,Bitung,Biringkassi -> Bitung -> Biringkassi,1468.46
9,C3,Oba,Biringkassi -> Oba -> Biringkassi,1741.38
9,C4,Ambon,Biringkassi -> Ambon -> Biringkassi,1234.14
9,C5,Lembar,Biringkassi -> Lembar -> Biringkassi,633.66
9,C6,Sorong,Biringkassi -> Sorong -> Biringkassi,1784.46
9,C7,Kendari,Biringkassi -> Kendari -> Biringkassi,821.52
9,C8,Palu,Biringkassi -> Palu -> Biringkassi,573.26
9,C9,Celukan Bawang,Biringkassi -> Celukan Bawang -> Biringkassi,686.28
