no,vessel,destination,departure_period,departure_day,arrival_day,credited_period,cargo_t,round_trip_days,round_trip_periods,round_trip_nm,fuel_rp,port_charges_rp,charter_payment_rp,cargo_handling_rp,total_rp
1,CC4,Celukan Bawang,0,0,1.8,1,3043.2,5.48,3,686.28,1227847037,3454898,1604715503,2130208,2838147647
2,CC6,Lembar,0,0,1.5,1,1468.8,3.845,2,633.66,1179925062,2179334,1127713887,1028127,2310846411
3,CC8,Oba,0,0,3.1,2,4434.5,6.701,4,1741.38,2159260953,3071976,1969668196,3104164,4135105289
4,CC6,Bitung,2,4,7.4,4,4000,7.501,4,1468.46,2498229796,2179334,2200129212,2800000,4703338342
5,CC8,Sorong,4,8,11.2,6,4500,6.841,4,1784.46,2208514359,3071976,2010896767,3150000,4225633102
6,CC8,Ambon,12,24,26.2,14,3417.0,5.049,3,1234.14,1579332973,3071976,1484227605,2391910,3069024463
7,CC8,Palu,15,30,31.0,16,1001.9,2.898,2,573.26,823748232,3071976,851749926,701331,1679271465
8,CC8,Oba,17,34,37.1,19,3051.0,6.701,4,1741.38,2159260953,3071976,1969668196,2135689,4134136814
9,CC8,Sorong,21,42,45.2,23,4500,6.841,4,1784.46,2208514359,3071976,2010896767,3150000,4225633102
10,CC8,Sorong,27,54,57.2,29,4500,6.841,4,1784.46,2208514359,3071976,2010896767,3150000,4225633102
11,CC8,Bitung,31,62,64.6,33,4500.0,5.812,3,1468.46,1847231254,3071976,1708477347,3149983,3561930560
12,CC8,Bitung,34,68,70.6,36,334.3,5.812,3,1468.46,1847231254,3071976,1708477347,234036,3559014613
13,CC8,Oba,39,78,81.1,41,2855.2,6.701,4,1741.38,2159260953,3071976,1969668196,1998623,4133999748
14,CC8,Sorong,43,86,89.2,45,4500,6.841,4,1784.46,2208514359,3071976,2010896767,3150000,4225633102
15,CC8,Palu,48,96,97.0,49,377.6,2.898,2,573.26,823748232,3071976,851749926,264324,1678834458
16,CC8,Bitung,54,108,110.6,56,4500,5.812,3,1468.46,1847231254,3071976,1708477347,3150000,3561930577
17,CC8,Celukan Bawang,63,126,127.2,64,1005.6,4.641,3,686.28,1177416803,3357416,1364081579,703939,2545559737
18,CC8,Kendari,66,132,133.5,67,3556.0,3.706,2,821.52,1107584129,3071976,1089340576,2489177,2202485858
19,CC8,Sorong,68,136,139.2,70,4500,6.841,4,1784.46,2208514359,3071976,2010896767,3150000,4225633102
20,CC8,Bitung,72,144,146.6,74,4500.0,5.812,3,1468.46,1847231254,3071976,1708477347,3150000,3561930577
21,CC8,Ambon,79,158,160.2,81,2321.4,5.049,3,1234.14,1579332973,3071976,1484227605,1624997,3068257551
22,CC8,Oba,82,164,167.1,84,4500,6.701,4,1741.38,2159260953,3071976,1969668196,3150000,4135151125
23,CC8,Sorong,87,174,177.2,89,4500,6.841,4,1784.46,2208514359,3071976,2010896767,3150000,4225633102
24,CC8,Sorong,95,190,193.2,97,3489.5,6.841,4,1784.46,2208514359,3071976,2010896767,2442668,4224925770
25,CC8,Oba,99,198,201.1,101,3651.1,6.701,4,1741.38,2159260953,3071976,1969668196,2555775,4134556900
26,CC8,Ambon,103,206,208.2,105,4500,5.049,3,1234.14,1579332973,3071976,1484227605,3150000,3069782553
27,CC8,Sorong,109,218,221.2,111,4500.0,6.841,4,1784.46,2208514359,3071976,2010896767,3150000,4225633102
28,CC8,Palu,120,240,241.0,121,953.0,2.898,2,573.26,823748232,3071976,851749926,667105,1679237239
29,CC8,Sorong,131,262,265.2,133,4500.0,6.841,4,1784.46,2208514359,3071976,2010896767,3150000,4225633102
30,CC8,Lembar,139,278,279.1,140,335.5,3.094,2,633.66,892803610,3071976,909554144,234860,1805664590
31,CC8,Sorong,141,282,285.2,143,4500.0,6.841,4,1784.46,2208514359,3071976,2010896767,3150000,4225633102
32,CC8,Palu,147,294,295.0,148,967.5,2.898,2,573.26,823748232,3071976,851749926,677284,1679247418
33,CC8,Sorong,153,306,309.2,155,4500.0,6.841,4,1784.46,2208514359,3071976,2010896767,3149979,4225633081
34,CC8,Palu,161,322,323.0,162,1755.2,2.898,2,573.26,823748232,3071976,851749926,1228654,1679798788
